{
    "1650477614280": {
      " respondent": {
        "Age": " 0-15 ",
        "Answers1": [
          null,
          "Nigdy",
          "Nigdy",
          "Bardzo rzadko",
          "Trudno powiedzieć",
          "Bardzo często",
          "Trudno powiedzieć",
          "Zawsze",
          "Często",
          "Rzadko",
          "Często",
          "Zawsze",
          "Bardzo rzadko",
          "Trudno powiedzieć",
          "Trudno powiedzieć",
          "Trudno powiedzieć",
          "Bardzo często",
          "Trudno powiedzieć",
          "Bardzo rzadko",
          "Zawsze",
          "Często",
          "Nie zgadzam się",
          "Nie mam zdania",
          "Nie zgadzam się.",
          "Zgadzam się",
          "Stanowczo się nie zgadzam.",
          "Nie zgadzam się",
          "Stanowczo się nie zgadzam",
          "Stanowczo się nie zgadzam.",
          "Stanowczo się nie zgadzam.",
          "Stanowczo się nie zgadzam.",
          "Bardzo szczęśliwy/a",
          "Bardzo szczęśliwy/a",
          "Uważam, że częściowo mam takie samo nastawienie",
          "Zdecydowanie się z nim identyfikuję."
        ],
        "Gender": " kobieta ",
        "ID": 1650477614280,
        "Student": false
      },
      " samoocena": {
        "AnsSE": 8,
        "ID": 1650477614280
      },
      " uzaleznienie": {
        "AnsIA": 59,
        "ID": 1650477614280
      },
      " zadowolenie": {
        "AnsHAPPY": 11,
        "ID": 1650477614280
      }
    },
    "1650560199279": {
      " respondent": {
        "Age": " 0-15 ",
        "Answers1": [
          null,
          "Nigdy",
          "Bardzo rzadko",
          "Bardzo rzadko",
          "Trudno powiedzieć",
          "Często",
          "Bardzo często",
          "Zawsze",
          "Trudno powiedzieć",
          "Rzadko",
          "Trudno powiedzieć",
          "Nigdy",
          "Bardzo rzadko",
          "Bardzo rzadko",
          "Bardzo rzadko",
          "Nigdy",
          "Nigdy",
          "Bardzo rzadko",
          "Nigdy",
          "Trudno powiedzieć",
          "Nigdy",
          "Zgadzam się",
          "Stanowczo się nie zgadzam",
          "Nie zgadzam się.",
          "Nie mam zdania",
          "Nie mam zdania.",
          "Nie mam zdania",
          "Nie mam zdania",
          "Zgadzam się.",
          "Zgadzam się.",
          "Nie zgadzam się.",
          "Bardzo szczęśliwy/a",
          "Trochę szczęśliwy/a",
          "Uważam, że częściowo mam takie samo nastawienie",
          "Nie potrafię określić."
        ],
        "Gender": " kobieta ",
        "ID": 1650560199279,
        "Student": true
      },
      " samoocena": {
        "AnsSE": 4,
        "ID": 1650560199279
      },
      " uzaleznienie": {
        "AnsIA": 39,
        "ID": 1650560199279
      },
      " zadowolenie": {
        "AnsHAPPY": 10,
        "ID": 1650560199279
      }
    },
    "1650564019281": {
      " respondent": {
        "Age": " 20-24",
        "Answers1": [
          null,
          "Często",
          "Trudno powiedzieć",
          "Nigdy",
          "Nigdy",
          "Bardzo rzadko",
          "Nigdy",
          "Bardzo rzadko",
          "Trudno powiedzieć",
          "Nigdy",
          "Często",
          "Bardzo rzadko",
          "Nigdy",
          "Rzadko",
          "Trudno powiedzieć",
          "Nigdy",
          "Często",
          "Rzadko",
          "Nigdy",
          "Nigdy",
          "Często",
          "Stanowczo się zgadzam",
          "Stanowczo się zgadzam",
          "Nie zgadzam się.",
          "Zgadzam się",
          "Stanowczo się nie zgadzam.",
          "Stanowczo się zgadzam",
          "Stanowczo się zgadzam",
          "Stanowczo się nie zgadzam.",
          "Nie zgadzam się.",
          "Stanowczo się nie zgadzam.",
          "Trochę szczęśliwy/a",
          "Trochę szczęśliwy/a",
          "Nie potrafię określić",
          "Uważam, że częściowo mam takie samo nastawienie."
        ],
        "Gender": " kobieta ",
        "ID": 1650564019281,
        "Student": true
      },
      " samoocena": {
        "AnsSE": 19,
        "ID": 1650564019281
      },
      " uzaleznienie": {
        "AnsIA": 40,
        "ID": 1650564019281
      },
      " zadowolenie": {
        "AnsHAPPY": 6,
        "ID": 1650564019281
      }
    },
    "1650883969188": {
      " respondent": {
        "Age": " 16-19 ",
        "Answers1": [
          null,
          "Bardzo rzadko",
          "Nigdy",
          "Bardzo rzadko",
          "Bardzo rzadko",
          "Nigdy",
          "Bardzo rzadko",
          "Rzadko",
          "Nigdy",
          "Nigdy",
          "Nigdy",
          "Nigdy",
          "Nigdy",
          "Nigdy",
          "Nigdy",
          "Nigdy",
          "Nigdy",
          "Nigdy",
          "Nigdy",
          "Nigdy",
          "Nigdy",
          "Stanowczo się nie zgadzam",
          "Nie zgadzam się",
          "Stanowczo się nie zgadzam.",
          "Stanowczo się nie zgadzam",
          "Stanowczo się nie zgadzam.",
          "Stanowczo się nie zgadzam",
          "Stanowczo się nie zgadzam",
          "Stanowczo się nie zgadzam.",
          "Stanowczo się nie zgadzam.",
          "Stanowczo się nie zgadzam.",
          "Bardzo szczęśliwy/a",
          "Bardzo szczęśliwy/a",
          "Zdecydowanie się z nim identyfikuję",
          "Zdecydowanie się z nim identyfikuję."
        ],
        "Gender": " mężczyzna ",
        "ID": 1650883969188,
        "Student": false
      },
      " samoocena": {
        "AnsSE": 6,
        "ID": 1650883969188
      },
      " uzaleznienie": {
        "AnsIA": 26,
        "ID": 1650883969188
      },
      " zadowolenie": {
        "AnsHAPPY": 12,
        "ID": 1650883969188
      }
    },
    "1651062066874": {
      " respondent": {
        "Age": " 20-24",
        "Answers1": [
          null,
          "Często",
          "Często",
          "Często",
          "Rzadko",
          "Często",
          "Często",
          "Rzadko",
          "Często",
          "Bardzo często",
          "Rzadko",
          "Bardzo często",
          "Bardzo często",
          "Bardzo rzadko",
          "Bardzo często",
          "Bardzo często",
          "Bardzo często",
          "Rzadko",
          "Często",
          "Często",
          "Rzadko",
          "Nie mam zdania",
          "Nie mam zdania",
          "Nie zgadzam się.",
          "Nie mam zdania",
          "Nie zgadzam się.",
          "Nie zgadzam się",
          "Nie zgadzam się",
          "Zgadzam się.",
          "Zgadzam się.",
          "Zgadzam się.",
          "Trochę nieszczęśliwy/a",
          "Obojętny/a",
          "Nie potrafię określić",
          "Nie potrafię określić."
        ],
        "Gender": " mężczyzna ",
        "ID": 1651062066874,
        "Student": false
      },
      " samoocena": {
        "AnsSE": 4,
        "ID": 1651062066874
      },
      " uzaleznienie": {
        "AnsIA": 93,
        "ID": 1651062066874
      },
      " zadowolenie": {
        "AnsHAPPY": 2,
        "ID": 1651062066874
      }
    },
    "1651062071448": {
      " respondent": {
        "Age": " 20-24",
        "Answers1": [
          null,
          "Często",
          "Często",
          "Często",
          "Rzadko",
          "Często",
          "Często",
          "Rzadko",
          "Często",
          "Bardzo często",
          "Rzadko",
          "Bardzo często",
          "Bardzo często",
          "Bardzo rzadko",
          "Bardzo często",
          "Bardzo często",
          "Bardzo często",
          "Rzadko",
          "Często",
          "Często",
          "Rzadko",
          "Nie mam zdania",
          "Nie mam zdania",
          "Nie zgadzam się.",
          "Nie mam zdania",
          "Nie zgadzam się.",
          "Nie zgadzam się",
          "Nie zgadzam się",
          "Zgadzam się.",
          "Zgadzam się.",
          "Zgadzam się.",
          "Trochę nieszczęśliwy/a",
          "Obojętny/a",
          "Nie potrafię określić",
          "Nie potrafię określić."
        ],
        "Gender": " mężczyzna ",
        "ID": 1651062071448,
        "Student": true
      },
      " samoocena": {
        "AnsSE": 8,
        "ID": 1651062071448
      },
      " uzaleznienie": {
        "AnsIA": 186,
        "ID": 1651062071448
      },
      " zadowolenie": {
        "AnsHAPPY": 4,
        "ID": 1651062071448
      }
    },
    "1651062419638": {
      " respondent": {
        "Age": " 20-24",
        "Answers1": [
          null,
          "Bardzo często",
          "Trudno powiedzieć",
          "Nigdy",
          "Nigdy",
          "Nigdy",
          "Trudno powiedzieć",
          "Zawsze",
          "Często",
          "Rzadko",
          "Często",
          "Bardzo rzadko",
          "Rzadko",
          "Bardzo rzadko",
          "Nigdy",
          "Rzadko",
          "Bardzo często",
          "Trudno powiedzieć",
          "Nigdy",
          "Rzadko",
          "Rzadko",
          "Nie zgadzam się",
          "Nie mam zdania",
          "Zgadzam się.",
          "Nie mam zdania",
          "Nie mam zdania.",
          "Nie zgadzam się",
          "Nie zgadzam się",
          "Stanowczo się zgadzam.",
          "Zgadzam się.",
          "Zgadzam się.",
          "Trochę nieszczęśliwy/a",
          "Trochę nieszczęśliwy/a",
          "Raczej się z nim nie identyfikuję",
          "Uważam, że częściowo mam takie samo nastawienie."
        ],
        "Gender": " kobieta ",
        "ID": 1651062419638,
        "Student": true
      },
      " samoocena": {
        "AnsSE": 6,
        "ID": 1651062419638
      },
      " uzaleznienie": {
        "AnsIA": 53,
        "ID": 1651062419638
      },
      " zadowolenie": {
        "AnsHAPPY": 6,
        "ID": 1651062419638
      }
    },
    "1651062520768": {
      " respondent": {
        "Age": " 20-24",
        "Answers1": [
          null,
          "Trudno powiedzieć",
          "Bardzo rzadko",
          "Bardzo rzadko",
          "Rzadko",
          "Bardzo rzadko",
          "Często",
          "Nigdy",
          "Bardzo rzadko",
          "Bardzo rzadko",
          "Często",
          "Nigdy",
          "Nigdy",
          "Bardzo rzadko",
          "Bardzo często",
          "Nigdy",
          "Bardzo często",
          "Nigdy",
          "Nigdy",
          "Nigdy",
          "Często",
          "Stanowczo się zgadzam",
          "Stanowczo się zgadzam",
          "Stanowczo się nie zgadzam.",
          "Stanowczo się zgadzam",
          "Stanowczo się nie zgadzam.",
          "Stanowczo się zgadzam",
          "Stanowczo się zgadzam",
          "Nie zgadzam się.",
          "Stanowczo się zgadzam.",
          "Zgadzam się.",
          "Trochę szczęśliwy/a",
          "Trochę szczęśliwy/a",
          "Uważam, że częściowo mam takie samo nastawienie",
          "Uważam, że częściowo mam takie samo nastawienie."
        ],
        "Gender": " mężczyzna ",
        "ID": 1651062520768,
        "Student": true
      },
      " samoocena": {
        "AnsSE": 20,
        "ID": 1651062520768
      },
      " uzaleznienie": {
        "AnsIA": 49,
        "ID": 1651062520768
      },
      " zadowolenie": {
        "AnsHAPPY": 9,
        "ID": 1651062520768
      }
    },
    "1651062559687": {
      " respondent": {
        "Age": " 20-24",
        "Answers1": [
          null,
          "Bardzo często",
          "Często",
          "Trudno powiedzieć",
          "Często",
          "Rzadko",
          "Często",
          "Rzadko",
          "Rzadko",
          "Bardzo często",
          "Często",
          "Nigdy",
          "Nigdy",
          "Nigdy",
          "Nigdy",
          "Nigdy",
          "Nigdy",
          "Nigdy",
          "Nigdy",
          "Nigdy",
          "Nigdy",
          "Stanowczo się nie zgadzam",
          "Stanowczo się nie zgadzam",
          "Stanowczo się nie zgadzam.",
          "Stanowczo się nie zgadzam",
          "Stanowczo się nie zgadzam.",
          "Stanowczo się nie zgadzam",
          "Stanowczo się nie zgadzam",
          "Stanowczo się nie zgadzam.",
          "Stanowczo się nie zgadzam.",
          "Stanowczo się nie zgadzam.",
          "Bardzo szczęśliwy/a",
          "Bardzo szczęśliwy/a",
          "Zdecydowanie się z nim identyfikuję",
          "Zdecydowanie się z nim identyfikuję."
        ],
        "Gender": " mężczyzna ",
        "ID": 1651062559687,
        "Student": true
      },
      " samoocena": {
        "AnsSE": 5,
        "ID": 1651062559687
      },
      " uzaleznienie": {
        "AnsIA": 51,
        "ID": 1651062559687
      },
      " zadowolenie": {
        "AnsHAPPY": 12,
        "ID": 1651062559687
      }
    },
    "1651063818140": {
      " respondent": {
        "Age": " 20-24",
        "Answers1": [
          null,
          "Nigdy",
          "Nigdy",
          "Nigdy",
          "Nigdy",
          "Nigdy",
          "Nigdy",
          "Nigdy",
          "Nigdy",
          "Nigdy",
          "Nigdy",
          "Nigdy",
          "Nigdy",
          "Nigdy",
          "Nigdy",
          "Nigdy",
          "Nigdy",
          "Nigdy",
          "Nigdy",
          "Nigdy",
          "Nigdy",
          "Stanowczo się zgadzam",
          "Stanowczo się zgadzam",
          "Stanowczo się nie zgadzam.",
          "Stanowczo się zgadzam",
          "Stanowczo się zgadzam.",
          "Stanowczo się zgadzam",
          "Stanowczo się zgadzam",
          "Nie mam zdania.",
          "Stanowczo się nie zgadzam.",
          "Stanowczo się nie zgadzam.",
          "Bardzo szczęśliwy/a",
          "Bardzo szczęśliwy/a",
          "Zdecydowanie się z nim identyfikuję",
          "Zdecydowanie się z nim identyfikuję."
        ],
        "Gender": " kobieta ",
        "ID": 1651063818140,
        "Student": false
      },
      " samoocena": {
        "AnsSE": 20,
        "ID": 1651063818140
      },
      " uzaleznienie": {
        "AnsIA": 20,
        "ID": 1651063818140
      },
      " zadowolenie": {
        "AnsHAPPY": 12,
        "ID": 1651063818140
      }
    },
    "1651064301104": {
      " respondent": {
        "Age": " 16-19 ",
        "Answers1": [
          null,
          "Nigdy",
          "Nigdy",
          "Nigdy",
          "Nigdy",
          "Nigdy",
          "Nigdy",
          "Nigdy",
          "Nigdy",
          "Nigdy",
          "Nigdy",
          "Nigdy",
          "Nigdy",
          "Nigdy",
          "Nigdy",
          "Nigdy",
          "Nigdy",
          "Nigdy",
          "Nigdy",
          "Nigdy",
          "Nigdy",
          "Stanowczo się zgadzam",
          "Stanowczo się zgadzam",
          "Stanowczo się nie zgadzam.",
          "Stanowczo się zgadzam",
          "Stanowczo się nie zgadzam.",
          "Stanowczo się zgadzam",
          "Stanowczo się zgadzam",
          "Stanowczo się nie zgadzam.",
          "Stanowczo się nie zgadzam.",
          "Stanowczo się nie zgadzam.",
          "Bardzo szczęśliwy/a",
          "Bardzo szczęśliwy/a",
          "Zdecydowanie się z nim identyfikuję",
          "Zdecydowanie się z nim identyfikuję."
        ],
        "Gender": " mężczyzna ",
        "ID": 1651064301104,
        "Student": true
      },
      " samoocena": {
        "AnsSE": 40,
        "ID": 1651064301104
      },
      " uzaleznienie": {
        "AnsIA": 20,
        "ID": 1651064301104
      },
      " zadowolenie": {
        "AnsHAPPY": 13,
        "ID": 1651064301104
      }
    },
    "1651067645289": {
      " respondent": {
        "Age": " 20-24",
        "Answers1": [
          null,
          "Rzadko",
          "Rzadko",
          "Rzadko",
          "Często",
          "Rzadko",
          "Bardzo rzadko",
          "Nigdy",
          "Bardzo rzadko",
          "Nigdy",
          "Rzadko",
          "Bardzo rzadko",
          "Rzadko",
          "Bardzo rzadko",
          "Rzadko",
          "Bardzo rzadko",
          "Bardzo rzadko",
          "Nigdy",
          "Nigdy",
          "Bardzo rzadko",
          "Bardzo rzadko",
          "Zgadzam się",
          "Stanowczo się zgadzam",
          "Nie zgadzam się.",
          "Zgadzam się",
          "Zgadzam się.",
          "Zgadzam się",
          "Zgadzam się",
          "Nie zgadzam się.",
          "Zgadzam się.",
          "Nie zgadzam się.",
          "Trochę szczęśliwy/a",
          "Trochę szczęśliwy/a",
          "Uważam, że częściowo mam takie samo nastawienie",
          "Raczej się z nim nie identyfikuję."
        ],
        "Gender": " mężczyzna ",
        "ID": 1651067645289,
        "Student": false
      },
      " samoocena": {
        "AnsSE": 29,
        "ID": 1651067645289
      },
      " uzaleznienie": {
        "AnsIA": 46,
        "ID": 1651067645289
      },
      " zadowolenie": {
        "AnsHAPPY": 12,
        "ID": 1651067645289
      }
    },
    "1651067648794": {
      " respondent": {
        "Age": " 20-24",
        "Answers1": [
          null,
          "Rzadko",
          "Rzadko",
          "Rzadko",
          "Często",
          "Rzadko",
          "Bardzo rzadko",
          "Nigdy",
          "Bardzo rzadko",
          "Nigdy",
          "Rzadko",
          "Bardzo rzadko",
          "Rzadko",
          "Bardzo rzadko",
          "Rzadko",
          "Bardzo rzadko",
          "Bardzo rzadko",
          "Nigdy",
          "Nigdy",
          "Bardzo rzadko",
          "Bardzo rzadko",
          "Zgadzam się",
          "Stanowczo się zgadzam",
          "Nie zgadzam się.",
          "Zgadzam się",
          "Zgadzam się.",
          "Zgadzam się",
          "Zgadzam się",
          "Nie zgadzam się.",
          "Zgadzam się.",
          "Nie zgadzam się.",
          "Trochę szczęśliwy/a",
          "Trochę szczęśliwy/a",
          "Uważam, że częściowo mam takie samo nastawienie",
          "Raczej się z nim nie identyfikuję."
        ],
        "Gender": " mężczyzna ",
        "ID": 1651067648794,
        "Student": false
      },
      " samoocena": {
        "AnsSE": 58,
        "ID": 1651067648794
      },
      " uzaleznienie": {
        "AnsIA": 92,
        "ID": 1651067648794
      },
      " zadowolenie": {
        "AnsHAPPY": 24,
        "ID": 1651067648794
      }
    },
    "1651068873296": {
      " respondent": {
        "Age": " 0-15 ",
        "Answers1": [
          null,
          "Nigdy",
          "Nigdy",
          "Nigdy",
          "Nigdy",
          "Nigdy",
          "Nigdy",
          "Nigdy",
          "Nigdy",
          "Nigdy",
          "Nigdy",
          "Nigdy",
          "Nigdy",
          "Nigdy",
          "Nigdy",
          "Nigdy",
          "Nigdy",
          "Nigdy",
          "Nigdy",
          "Nigdy",
          "Nigdy",
          "Stanowczo się nie zgadzam",
          "Stanowczo się nie zgadzam",
          "Stanowczo się nie zgadzam.",
          "Stanowczo się nie zgadzam",
          "Stanowczo się nie zgadzam.",
          "Stanowczo się nie zgadzam",
          "Stanowczo się nie zgadzam",
          "Stanowczo się nie zgadzam.",
          "Stanowczo się nie zgadzam.",
          "Stanowczo się nie zgadzam.",
          "Bardzo szczęśliwy/a",
          "Bardzo szczęśliwy/a",
          "Zdecydowanie się z nim identyfikuję",
          "Zdecydowanie się z nim identyfikuję."
        ],
        "Gender": " kobieta ",
        "ID": 1651068873296,
        "Student": true
      },
      " samoocena": {
        "AnsSE": 25,
        "ID": 1651068873296
      },
      " uzaleznienie": {
        "AnsIA": 20,
        "ID": 1651068873296
      },
      " zadowolenie": {
        "AnsHAPPY": 13,
        "ID": 1651068873296
      }
    },
    "1651082644666": {
      " respondent": {
        "Age": " 20-24",
        "Answers1": [
          null,
          "Bardzo często",
          "Rzadko",
          "Nigdy",
          "Trudno powiedzieć",
          "Trudno powiedzieć",
          "Nigdy",
          "Zawsze",
          "Trudno powiedzieć",
          "Nigdy",
          "Często",
          "Trudno powiedzieć",
          "Często",
          "Rzadko",
          "Nigdy",
          "Nigdy",
          "Nigdy",
          "Bardzo rzadko",
          "Nigdy",
          "Nigdy",
          "Trudno powiedzieć",
          "Stanowczo się zgadzam",
          "Stanowczo się zgadzam",
          "Nie mam zdania.",
          "Stanowczo się zgadzam",
          "Stanowczo się nie zgadzam.",
          "Zgadzam się",
          "Zgadzam się",
          "Nie zgadzam się.",
          "Nie zgadzam się.",
          "Nie zgadzam się.",
          "Bardzo szczęśliwy/a",
          "Bardzo szczęśliwy/a",
          "Zdecydowanie się z nim identyfikuję",
          "Raczej się z nim nie identyfikuję."
        ],
        "Gender": " kobieta ",
        "ID": 1651082644666,
        "Student": false
      },
      " samoocena": {
        "AnsSE": 31,
        "ID": 1651082644666
      },
      " uzaleznienie": {
        "AnsIA": 39,
        "ID": 1651082644666
      },
      " zadowolenie": {
        "AnsHAPPY": 15,
        "ID": 1651082644666
      }
    },
    "1651088940652": {
      " respondent": {
        "Age": " 20-24",
        "Answers1": [
          null,
          "Bardzo często",
          "Często",
          "Nigdy",
          "Bardzo rzadko",
          "Bardzo rzadko",
          "Często",
          "Zawsze",
          "Często",
          "Bardzo rzadko",
          "Często",
          "Trudno powiedzieć",
          "Bardzo rzadko",
          "Bardzo rzadko",
          "Rzadko",
          "Bardzo rzadko",
          "Bardzo często",
          "Bardzo często",
          "Nigdy",
          "Bardzo rzadko",
          "Nigdy",
          "Stanowczo się zgadzam",
          "Stanowczo się zgadzam",
          "Zgadzam się.",
          "Nie mam zdania",
          "Nie mam zdania.",
          "Zgadzam się",
          "Nie mam zdania",
          "Nie zgadzam się.",
          "Zgadzam się.",
          "Zgadzam się.",
          "Trochę szczęśliwy/a",
          "Trochę nieszczęśliwy/a",
          "Raczej się z nim nie identyfikuję",
          "Raczej się z nim nie identyfikuję."
        ],
        "Gender": " mężczyzna ",
        "ID": 1651088940652,
        "Student": true
      },
      " samoocena": {
        "AnsSE": 20,
        "ID": 1651088940652
      },
      " uzaleznienie": {
        "AnsIA": 65,
        "ID": 1651088940652
      },
      " zadowolenie": {
        "AnsHAPPY": 10,
        "ID": 1651088940652
      }
    },
    "1651089484373": {
      " respondent": {
        "Age": " 20-24",
        "Answers1": [
          null,
          "Bardzo często",
          "Bardzo często",
          "Bardzo często",
          "Bardzo rzadko",
          "Rzadko",
          "Bardzo często",
          "Bardzo rzadko",
          "Bardzo często",
          "Bardzo rzadko",
          "Rzadko",
          "Bardzo rzadko",
          "Bardzo rzadko",
          "Bardzo rzadko",
          "Bardzo często",
          "Bardzo rzadko",
          "Często",
          "Trudno powiedzieć",
          "Trudno powiedzieć",
          "Nigdy",
          "Bardzo rzadko",
          "Zgadzam się",
          "Zgadzam się",
          "Nie mam zdania.",
          "Nie mam zdania",
          "Nie mam zdania.",
          "Nie mam zdania",
          "Nie mam zdania",
          "Zgadzam się.",
          "Zgadzam się.",
          "Zgadzam się.",
          "Trochę szczęśliwy/a",
          "Trochę szczęśliwy/a",
          "Uważam, że częściowo mam takie samo nastawienie",
          "Nie potrafię określić."
        ],
        "Gender": " kobieta ",
        "ID": 1651089484373,
        "Student": true
      },
      " samoocena": {
        "AnsSE": 12,
        "ID": 1651089484373
      },
      " uzaleznienie": {
        "AnsIA": 64,
        "ID": 1651089484373
      },
      " zadowolenie": {
        "AnsHAPPY": 9,
        "ID": 1651089484373
      }
    },
    "1651089488420": {
      " respondent": {
        "Age": " 20-24",
        "Answers1": [
          null,
          "Bardzo często",
          "Bardzo często",
          "Bardzo często",
          "Bardzo rzadko",
          "Rzadko",
          "Bardzo często",
          "Bardzo rzadko",
          "Bardzo często",
          "Bardzo rzadko",
          "Rzadko",
          "Bardzo rzadko",
          "Bardzo rzadko",
          "Bardzo rzadko",
          "Bardzo często",
          "Bardzo rzadko",
          "Często",
          "Trudno powiedzieć",
          "Trudno powiedzieć",
          "Nigdy",
          "Bardzo rzadko",
          "Zgadzam się",
          "Zgadzam się",
          "Nie mam zdania.",
          "Nie mam zdania",
          "Nie mam zdania.",
          "Nie mam zdania",
          "Nie mam zdania",
          "Zgadzam się.",
          "Zgadzam się.",
          "Zgadzam się.",
          "Trochę szczęśliwy/a",
          "Trochę szczęśliwy/a",
          "Uważam, że częściowo mam takie samo nastawienie",
          "Nie potrafię określić."
        ],
        "Gender": " kobieta ",
        "ID": 1651089488420,
        "Student": false
      },
      " samoocena": {
        "AnsSE": 24,
        "ID": 1651089488420
      },
      " uzaleznienie": {
        "AnsIA": 128,
        "ID": 1651089488420
      },
      " zadowolenie": {
        "AnsHAPPY": 18,
        "ID": 1651089488420
      }
    },
    "1651142434446": {
      " respondent": {
        "Age": " 20-24",
        "Answers1": [
          null,
          "Zawsze",
          "Zawsze",
          "Nigdy",
          "Nigdy",
          "Bardzo rzadko",
          "Bardzo rzadko",
          "Bardzo często",
          "Zawsze",
          "Bardzo rzadko",
          "Bardzo rzadko",
          "Bardzo rzadko",
          "Nigdy",
          "Nigdy",
          "Często",
          "Bardzo rzadko",
          "Często",
          "Często",
          "Nigdy",
          "Nigdy",
          "Nigdy",
          "Zgadzam się",
          "Zgadzam się",
          "Zgadzam się.",
          "Nie zgadzam się",
          "Nie zgadzam się.",
          "Nie mam zdania",
          "Nie zgadzam się",
          "Nie zgadzam się.",
          "Zgadzam się.",
          "Zgadzam się.",
          "Trochę nieszczęśliwy/a",
          "Trochę szczęśliwy/a",
          "Zdecydowanie się z nim identyfikuję",
          "Zdecydowanie się z nim nie identyfikuję."
        ],
        "Gender": " kobieta ",
        "ID": 1651142434446,
        "Student": true
      },
      " samoocena": {
        "AnsSE": 22,
        "ID": 1651142434446
      },
      " uzaleznienie": {
        "AnsIA": 61,
        "ID": 1651142434446
      },
      " zadowolenie": {
        "AnsHAPPY": 13,
        "ID": 1651142434446
      }
    },
    "1651413579895": {
      " respondent": {
        "Age": " 20-24",
        "Answers1": [
          null,
          "Trudno powiedzieć",
          "Rzadko",
          "Bardzo rzadko",
          "Rzadko",
          "Rzadko",
          "Zawsze",
          "Często",
          "Bardzo często",
          "Nigdy",
          "Bardzo często",
          "Rzadko",
          "Bardzo rzadko",
          "Rzadko",
          "Rzadko",
          "Bardzo rzadko",
          "Rzadko",
          "Często",
          "Nigdy",
          "Nigdy",
          "Rzadko",
          "Zgadzam się",
          "Zgadzam się",
          "Zgadzam się.",
          "Nie zgadzam się",
          "Nie zgadzam się.",
          "Nie mam zdania",
          "Nie zgadzam się",
          "Zgadzam się.",
          "Stanowczo się zgadzam.",
          "Nie mam zdania.",
          "Obojętny/a",
          "Trochę szczęśliwy/a",
          "Zdecydowanie się z nim nie identyfikuję",
          "Zdecydowanie się z nim identyfikuję."
        ],
        "Gender": " kobieta ",
        "ID": 1651413579895,
        "Student": false
      },
      " samoocena": {
        "AnsSE": 18,
        "ID": 1651413579895
      },
      " uzaleznienie": {
        "AnsIA": 62,
        "ID": 1651413579895
      },
      " zadowolenie": {
        "AnsHAPPY": 5,
        "ID": 1651413579895
      }
    },
    "1652182770076": {
      " respondent": {
        "Age": " 20-24",
        "Answers1": [
          null,
          "Bardzo często",
          "Rzadko",
          "Nigdy",
          "Bardzo rzadko",
          "Nigdy",
          "Bardzo często",
          "Rzadko",
          "Bardzo często",
          "Nigdy",
          "Często",
          "Nigdy",
          "Nigdy",
          "Bardzo rzadko",
          "Nigdy",
          "Nigdy",
          "Trudno powiedzieć",
          "Często",
          "Nigdy",
          "Nigdy",
          "Nigdy",
          "Zgadzam się",
          "Zgadzam się",
          "Nie mam zdania.",
          "Nie zgadzam się",
          "Nie mam zdania.",
          "Zgadzam się",
          "Zgadzam się",
          "Nie zgadzam się.",
          "Zgadzam się.",
          "Nie zgadzam się.",
          "Trochę szczęśliwy/a",
          "Trochę szczęśliwy/a",
          "Raczej się z nim nie identyfikuję",
          "Nie potrafię określić."
        ],
        "Gender": " kobieta ",
        "ID": 1652182770076,
        "Student": true
      },
      " samoocena": {
        "AnsSE": 22,
        "ID": 1652182770076
      },
      " uzaleznienie": {
        "AnsIA": 48,
        "ID": 1652182770076
      },
      " zadowolenie": {
        "AnsHAPPY": 8,
        "ID": 1652182770076
      }
    },
    "1652182779744": {
      " respondent": {
        "Age": " 20-24",
        "Answers1": [
          null,
          "Bardzo często",
          "Rzadko",
          "Nigdy",
          "Bardzo rzadko",
          "Nigdy",
          "Bardzo często",
          "Rzadko",
          "Bardzo często",
          "Nigdy",
          "Często",
          "Nigdy",
          "Nigdy",
          "Bardzo rzadko",
          "Nigdy",
          "Nigdy",
          "Trudno powiedzieć",
          "Często",
          "Nigdy",
          "Nigdy",
          "Nigdy",
          "Zgadzam się",
          "Zgadzam się",
          "Nie mam zdania.",
          "Nie zgadzam się",
          "Nie mam zdania.",
          "Zgadzam się",
          "Zgadzam się",
          "Nie zgadzam się.",
          "Zgadzam się.",
          "Nie zgadzam się.",
          "Trochę szczęśliwy/a",
          "Trochę szczęśliwy/a",
          "Raczej się z nim nie identyfikuję",
          "Nie potrafię określić."
        ],
        "Gender": " kobieta ",
        "ID": 1652182779744,
        "Student": true
      },
      " samoocena": {
        "AnsSE": 44,
        "ID": 1652182779744
      },
      " uzaleznienie": {
        "AnsIA": 96,
        "ID": 1652182779744
      },
      " zadowolenie": {
        "AnsHAPPY": 16,
        "ID": 1652182779744
      }
    },
    "1652892990408": {
      " respondent": {
        "Age": " 20-24",
        "Answers1": [
          null,
          "Bardzo często",
          "Trudno powiedzieć",
          "Bardzo często",
          "Rzadko",
          "Bardzo często",
          "Nigdy",
          "Trudno powiedzieć",
          "Bardzo często",
          "Często",
          "Zawsze",
          "Bardzo często",
          "Rzadko",
          "Często",
          "Rzadko",
          "Bardzo rzadko",
          "Zawsze",
          "Rzadko",
          "Nigdy",
          "Rzadko",
          "Zawsze",
          "Zgadzam się",
          "Zgadzam się",
          "Nie mam zdania.",
          "Zgadzam się",
          "Nie zgadzam się.",
          "Zgadzam się",
          "Zgadzam się",
          "Zgadzam się.",
          "Zgadzam się.",
          "Stanowczo się zgadzam.",
          "Trochę nieszczęśliwy/a",
          "Trochę nieszczęśliwy/a",
          "Uważam, że częściowo mam takie samo nastawienie",
          "Raczej się z nim nie identyfikuję."
        ],
        "Gender": " mężczyzna ",
        "ID": 1652892990408,
        "Student": true
      },
      " samoocena": {
        "AnsSE": 23,
        "ID": 1652892990408
      },
      " uzaleznienie": {
        "AnsIA": 80,
        "ID": 1652892990408
      },
      " zadowolenie": {
        "AnsHAPPY": 10,
        "ID": 1652892990408
      }
    },
    "1652893026644": {
      " respondent": {
        "Age": " 20-24",
        "Answers1": [
          null,
          "Bardzo często",
          "Bardzo często",
          "Nigdy",
          "Nigdy",
          "Nigdy",
          "Zawsze",
          "Bardzo często",
          "Bardzo często",
          "Nigdy",
          "Zawsze",
          "Bardzo rzadko",
          "Rzadko",
          "Nigdy",
          "Zawsze",
          "Rzadko",
          "Zawsze",
          "Zawsze",
          "Nigdy",
          "Nigdy",
          "Bardzo często",
          "Stanowczo się zgadzam",
          "Zgadzam się",
          "Nie mam zdania.",
          "Zgadzam się",
          "Nie mam zdania.",
          "Zgadzam się",
          "Nie mam zdania",
          "Zgadzam się.",
          "Zgadzam się.",
          "Zgadzam się.",
          "Trochę szczęśliwy/a",
          "Trochę szczęśliwy/a",
          "Zdecydowanie się z nim identyfikuję",
          "Raczej się z nim nie identyfikuję."
        ],
        "Gender": " kobieta ",
        "ID": 1652893026644,
        "Student": true
      },
      " samoocena": {
        "AnsSE": 19,
        "ID": 1652893026644
      },
      " uzaleznienie": {
        "AnsIA": 80,
        "ID": 1652893026644
      },
      " zadowolenie": {
        "AnsHAPPY": 13,
        "ID": 1652893026644
      }
    },
    "1652893031471": {
      " respondent": {
        "Age": " 20-24",
        "Answers1": [
          null,
          "Bardzo często",
          "Bardzo często",
          "Nigdy",
          "Nigdy",
          "Nigdy",
          "Zawsze",
          "Bardzo często",
          "Bardzo często",
          "Nigdy",
          "Zawsze",
          "Bardzo rzadko",
          "Rzadko",
          "Nigdy",
          "Zawsze",
          "Rzadko",
          "Zawsze",
          "Zawsze",
          "Nigdy",
          "Nigdy",
          "Bardzo często",
          "Stanowczo się zgadzam",
          "Zgadzam się",
          "Nie mam zdania.",
          "Zgadzam się",
          "Nie mam zdania.",
          "Zgadzam się",
          "Nie mam zdania",
          "Zgadzam się.",
          "Zgadzam się.",
          "Zgadzam się.",
          "Trochę szczęśliwy/a",
          "Trochę szczęśliwy/a",
          "Zdecydowanie się z nim identyfikuję",
          "Raczej się z nim nie identyfikuję."
        ],
        "Gender": " kobieta ",
        "ID": 1652893031471,
        "Student": true
      },
      " samoocena": {
        "AnsSE": 38,
        "ID": 1652893031471
      },
      " uzaleznienie": {
        "AnsIA": 160,
        "ID": 1652893031471
      },
      " zadowolenie": {
        "AnsHAPPY": 26,
        "ID": 1652893031471
      }
    },
    "1652893177066": {
      " respondent": {
        "Age": " 0-15 ",
        "Answers1": [
          null,
          "Trudno powiedzieć",
          "Bardzo rzadko",
          "Często",
          "Trudno powiedzieć",
          "Zawsze",
          "Trudno powiedzieć",
          "Zawsze",
          "Bardzo często",
          "Bardzo często",
          "Rzadko",
          "Często",
          "Bardzo często",
          "Bardzo rzadko",
          "Trudno powiedzieć",
          "Bardzo rzadko",
          "Bardzo rzadko",
          "Często",
          "Zawsze",
          "Trudno powiedzieć",
          "Bardzo rzadko",
          "Zgadzam się",
          "Nie zgadzam się",
          "Stanowczo się zgadzam.",
          "Zgadzam się",
          "Nie zgadzam się.",
          "Zgadzam się",
          "Stanowczo się zgadzam",
          "Nie mam zdania.",
          "Nie zgadzam się.",
          "Nie mam zdania.",
          "Trochę nieszczęśliwy/a",
          "Trochę szczęśliwy/a",
          "Zdecydowanie się z nim nie identyfikuję",
          "Raczej się z nim nie identyfikuję."
        ],
        "Gender": " kobieta ",
        "ID": 1652893177066,
        "Student": false
      },
      " samoocena": {
        "AnsSE": 22,
        "ID": 1652893177066
      },
      " uzaleznienie": {
        "AnsIA": 67,
        "ID": 1652893177066
      },
      " zadowolenie": {
        "AnsHAPPY": 9,
        "ID": 1652893177066
      }
    },
    "1652898666422": {
      " respondent": {
        "Age": " 28 + ",
        "Answers1": [
          null,
          "Bardzo często",
          "Bardzo rzadko",
          "Rzadko",
          "Rzadko",
          "Trudno powiedzieć",
          "Rzadko",
          "Bardzo często",
          "Rzadko",
          "Nigdy",
          "Bardzo rzadko",
          "Trudno powiedzieć",
          "Często",
          "Rzadko",
          "Rzadko",
          "Rzadko",
          "Rzadko",
          "Rzadko",
          "Rzadko",
          "Rzadko",
          "Często",
          "Nie mam zdania",
          "Zgadzam się",
          "Nie mam zdania.",
          "Zgadzam się",
          "Nie zgadzam się.",
          "Nie mam zdania",
          "Nie mam zdania",
          "Zgadzam się.",
          "Zgadzam się.",
          "Zgadzam się.",
          "Trochę nieszczęśliwy/a",
          "Trochę nieszczęśliwy/a",
          "Nie potrafię określić",
          "Nie potrafię określić."
        ],
        "Gender": " mężczyzna ",
        "ID": 1652898666422,
        "Student": true
      },
      " samoocena": {
        "AnsSE": 15,
        "ID": 1652898666422
      },
      " uzaleznienie": {
        "AnsIA": 60,
        "ID": 1652898666422
      },
      " zadowolenie": {
        "AnsHAPPY": 4,
        "ID": 1652898666422
      }
    },
    "1652898672266": {
      " respondent": {
        "Age": " 28 + ",
        "Answers1": [
          null,
          "Bardzo często",
          "Bardzo rzadko",
          "Rzadko",
          "Rzadko",
          "Trudno powiedzieć",
          "Rzadko",
          "Bardzo często",
          "Rzadko",
          "Nigdy",
          "Bardzo rzadko",
          "Trudno powiedzieć",
          "Często",
          "Rzadko",
          "Rzadko",
          "Rzadko",
          "Rzadko",
          "Rzadko",
          "Rzadko",
          "Rzadko",
          "Często",
          "Nie mam zdania",
          "Zgadzam się",
          "Nie mam zdania.",
          "Zgadzam się",
          "Nie zgadzam się.",
          "Nie mam zdania",
          "Nie mam zdania",
          "Zgadzam się.",
          "Zgadzam się.",
          "Zgadzam się.",
          "Trochę nieszczęśliwy/a",
          "Trochę nieszczęśliwy/a",
          "Nie potrafię określić",
          "Nie potrafię określić."
        ],
        "Gender": " mężczyzna ",
        "ID": 1652898672266,
        "Student": true
      },
      " samoocena": {
        "AnsSE": 30,
        "ID": 1652898672266
      },
      " uzaleznienie": {
        "AnsIA": 120,
        "ID": 1652898672266
      },
      " zadowolenie": {
        "AnsHAPPY": 8,
        "ID": 1652898672266
      }
    },
    "1652898676415": {
      " respondent": {
        "Age": " 28 + ",
        "Answers1": [
          null,
          "Bardzo często",
          "Bardzo rzadko",
          "Rzadko",
          "Rzadko",
          "Trudno powiedzieć",
          "Rzadko",
          "Bardzo często",
          "Rzadko",
          "Nigdy",
          "Bardzo rzadko",
          "Trudno powiedzieć",
          "Często",
          "Rzadko",
          "Rzadko",
          "Rzadko",
          "Rzadko",
          "Rzadko",
          "Rzadko",
          "Rzadko",
          "Często",
          "Nie mam zdania",
          "Zgadzam się",
          "Nie mam zdania.",
          "Zgadzam się",
          "Nie zgadzam się.",
          "Nie mam zdania",
          "Nie mam zdania",
          "Zgadzam się.",
          "Zgadzam się.",
          "Zgadzam się.",
          "Trochę nieszczęśliwy/a",
          "Trochę nieszczęśliwy/a",
          "Nie potrafię określić",
          "Nie potrafię określić."
        ],
        "Gender": " mężczyzna ",
        "ID": 1652898676415,
        "Student": true
      },
      " samoocena": {
        "AnsSE": 45,
        "ID": 1652898676415
      },
      " uzaleznienie": {
        "AnsIA": 180,
        "ID": 1652898676415
      },
      " zadowolenie": {
        "AnsHAPPY": 12,
        "ID": 1652898676415
      }
    },
    "1652904489764": {
      " respondent": {
        "Age": " 20-24",
        "Answers1": [
          null,
          "Nigdy",
          "Bardzo rzadko",
          "Rzadko",
          "Trudno powiedzieć",
          "Często",
          "Bardzo często",
          "Zawsze",
          "Często",
          "Rzadko",
          "Często",
          "Bardzo rzadko",
          "Często",
          "Bardzo rzadko",
          "Bardzo często",
          "Rzadko",
          "Trudno powiedzieć",
          "Nigdy",
          "Rzadko",
          "Zawsze",
          "Bardzo rzadko",
          "Nie mam zdania",
          "Zgadzam się",
          "Zgadzam się.",
          "Nie mam zdania",
          "Nie zgadzam się.",
          "Zgadzam się",
          "Nie zgadzam się",
          "Zgadzam się.",
          "Stanowczo się nie zgadzam.",
          "Stanowczo się nie zgadzam.",
          "Obojętny/a",
          "Trochę nieszczęśliwy/a",
          "Raczej się z nim nie identyfikuję",
          "Uważam, że częściowo mam takie samo nastawienie."
        ],
        "Gender": " mężczyzna ",
        "ID": 1652904489764,
        "Student": true
      },
      " samoocena": {
        "AnsSE": 23,
        "ID": 1652904489764
      },
      " uzaleznienie": {
        "AnsIA": 68,
        "ID": 1652904489764
      },
      " zadowolenie": {
        "AnsHAPPY": 6,
        "ID": 1652904489764
      }
    },
    "1652904679390": {
      " respondent": {
        "Age": " 20-24",
        "Answers1": [
          null,
          "Bardzo często",
          "Zawsze",
          "Nigdy",
          "Często",
          "Często",
          "Trudno powiedzieć",
          "Zawsze",
          "Bardzo rzadko",
          "Trudno powiedzieć",
          "Często",
          "Nigdy",
          "Rzadko",
          "Rzadko",
          "Często",
          "Rzadko",
          "Nigdy",
          "Rzadko",
          "Bardzo często",
          "Bardzo często",
          "Bardzo często",
          "Nie zgadzam się",
          "Nie zgadzam się",
          "Stanowczo się zgadzam.",
          "Nie zgadzam się",
          "Zgadzam się.",
          "Nie mam zdania",
          "Nie zgadzam się",
          "Stanowczo się zgadzam.",
          "Stanowczo się zgadzam.",
          "Zgadzam się.",
          "Trochę nieszczęśliwy/a",
          "Bardzo nieszczęsliwy/a",
          "Raczej się z nim nie identyfikuję",
          "Uważam, że częściowo mam takie samo nastawienie."
        ],
        "Gender": " mężczyzna ",
        "ID": 1652904679390,
        "Student": true
      },
      " samoocena": {
        "AnsSE": 15,
        "ID": 1652904679390
      },
      " uzaleznienie": {
        "AnsIA": 75,
        "ID": 1652904679390
      },
      " zadowolenie": {
        "AnsHAPPY": 7,
        "ID": 1652904679390
      }
    }
}